[{"id":"user-image-3211590.png","publicUrl":"np://user.desktop.nicepage.com/Site_45335874/images/3211590.png","size":4991,"hash":"JpEzizJjizCE8hesUEDUzUUVAGM=","fileName":"3211590.png","name":"3211590","width":128,"height":128,"thumbnail":{"url":"np://user.desktop.nicepage.com/Site_45335874/images/thumbnails/3211590.png","width":128,"height":128,"length":4991,"type":"png"},"folderId":null,"usages":["780205618"]},{"id":"user-image-3135682.png","publicUrl":"np://user.desktop.nicepage.com/Site_45335874/images/3135682.png","size":5420,"hash":"l7HtzxzPQ6A+HUd/L+b6rIyEeWw=","fileName":"3135682.png","name":"3135682","width":128,"height":128,"thumbnail":{"url":"np://user.desktop.nicepage.com/Site_45335874/images/thumbnails/3135682.png","width":128,"height":128,"length":5420,"type":"png"},"folderId":null,"usages":["780205618"]},{"id":"user-image-263115.png","publicUrl":"np://user.desktop.nicepage.com/Site_45335874/images/263115.png","size":2034,"hash":"c4LNSO3FOR9hua0sLpSgpS5DbfE=","fileName":"263115.png","name":"263115","width":128,"height":128,"thumbnail":{"url":"np://user.desktop.nicepage.com/Site_45335874/images/thumbnails/263115.png","width":128,"height":128,"length":2034,"type":"png"},"folderId":null,"usages":["189844642"]},{"id":"user-image-3408773.png","publicUrl":"np://user.desktop.nicepage.com/Site_45335874/images/3408773.png","size":2611,"hash":"94xz121aa8MFu1e6Z5raDp3hizw=","fileName":"3408773.png","name":"3408773","width":128,"height":128,"thumbnail":{"url":"np://user.desktop.nicepage.com/Site_45335874/images/thumbnails/3408773.png","width":128,"height":128,"length":2611,"type":"png"},"folderId":null,"usages":["189844642"]},{"id":"user-image-3135686.png","publicUrl":"np://user.desktop.nicepage.com/Site_45335874/images/3135686.png","size":3362,"hash":"JLWbyJbGJHNZXC7usWC0nrN/tNU=","fileName":"3135686.png","name":"3135686","width":128,"height":128,"thumbnail":{"url":"np://user.desktop.nicepage.com/Site_45335874/images/thumbnails/3135686.png","width":128,"height":128,"length":3362,"type":"png"},"folderId":null,"usages":["189844642"]},{"id":"user-image-4598105.png","publicUrl":"np://user.desktop.nicepage.com/Site_45335874/images/4598105.png","size":1933,"hash":"DRFNQgr6Xf4xq9j02FFetlfIjDw=","fileName":"4598105.png","name":"4598105","width":128,"height":128,"thumbnail":{"url":"np://user.desktop.nicepage.com/Site_45335874/images/thumbnails/4598105.png","width":128,"height":128,"length":1933,"type":"png"},"folderId":null,"usages":["89091494"]},{"id":"user-image-10060492.png","publicUrl":"np://user.desktop.nicepage.com/Site_45335874/images/10060492.png","size":2885,"hash":"tiLk6bHzfjNCJTTCSmSSq0AY7KE=","fileName":"10060492.png","name":"10060492","width":128,"height":128,"thumbnail":{"url":"np://user.desktop.nicepage.com/Site_45335874/images/thumbnails/10060492.png","width":128,"height":128,"length":2885,"type":"png"},"folderId":null,"usages":["89091494"]},{"id":"user-image-991922.png","publicUrl":"np://user.desktop.nicepage.com/Site_45335874/images/991922.png","size":4330,"hash":"QwYmTMN1J+raZL/1inbZDxnCnkg=","fileName":"991922.png","name":"991922","width":128,"height":128,"thumbnail":{"url":"np://user.desktop.nicepage.com/Site_45335874/images/thumbnails/991922.png","width":128,"height":128,"length":4330,"type":"png"},"folderId":null,"usages":["89091494"]},{"id":"user-image-10645897.png","publicUrl":"np://user.desktop.nicepage.com/Site_45335874/images/10645897.png","size":7878,"hash":"NBOYCwwevc5JXnxiN/R9ZuMFZmc=","fileName":"10645897.png","name":"10645897","width":128,"height":128,"thumbnail":{"url":"np://user.desktop.nicepage.com/Site_45335874/images/thumbnails/10645897.png","width":128,"height":128,"length":7878,"type":"png"},"folderId":null,"usages":["780205618"]},{"id":"user-image-Untitled-1copy.jpg","publicUrl":"np://user.desktop.nicepage.com/Site_45335874/images/Untitled-1copy.jpg","size":21740,"hash":"i8MHdn4yiGvrfDX34/G4B1v69JY=","fileName":"Untitled-1copy.jpg","name":"Untitled-1copy","width":951,"height":580,"thumbnail":{"url":"np://user.desktop.nicepage.com/Site_45335874/images/thumbnails/Untitled-1copy.jpg","width":250,"height":152},"folderId":null,"originalUrl":"//images01.nicepage.com/a1389d7bc73adea1e1c1fb7e/42ec50dfda4d5cd3ab910ee0/Untitled-1copy.jpg","usages":["780205618","89091494","189844642"]},{"id":"user-image-hgghgh.jpg","publicUrl":"np://user.desktop.nicepage.com/Site_45335874/images/hgghgh.jpg","size":385657,"hash":"IyWzGrfvta+8gfEdXCFeMu87HR8=","fileName":"hgghgh.jpg","name":"hgghgh","width":1000,"height":722,"thumbnail":{"url":"np://user.desktop.nicepage.com/Site_45335874/images/thumbnails/hgghgh.jpg","width":250,"height":181},"folderId":null,"originalUrl":"//images01.nicepage.com/c461c07a441a5d220e8feb1a/63b6a55f6a135764b05633e1/hgghgh.jpg","usages":["962200432"]},{"id":"user-image-degree-ga41fa7f6d_19201.jpg","publicUrl":"np://user.desktop.nicepage.com/Site_45335874/images/degree-ga41fa7f6d_19201.jpg","size":173377,"hash":"HYs1ZOSGQznY2EpDRhaMF0POeQU=","fileName":"degree-ga41fa7f6d_19201.jpg","name":"degree-ga41fa7f6d_19201","width":1920,"height":1114,"thumbnail":{"url":"np://user.desktop.nicepage.com/Site_45335874/images/thumbnails/degree-ga41fa7f6d_19201.jpg","width":250,"height":145},"folderId":null,"usages":["134722342"]},{"id":"user-image-coachfotot.jpg","publicUrl":"np://user.desktop.nicepage.com/Site_45335874/images/coachfotot.jpg","size":66764,"hash":"i4rK9bhDjlq4HaqQ8y9oH/RmOhc=","fileName":"coachfotot.jpg","name":"coachfotot","width":1003,"height":667,"thumbnail":{"url":"np://user.desktop.nicepage.com/Site_45335874/images/thumbnails/coachfotot.jpg","width":250,"height":166},"folderId":null,"usages":["134722342"]},{"id":"user-image-foto.jpg","publicUrl":"np://user.desktop.nicepage.com/Site_45335874/images/foto.jpg","size":185128,"hash":"vvkXcdl5G562UUAEb2BCatAtbDo=","fileName":"foto.jpg","name":"foto","width":705,"height":454,"thumbnail":{"url":"np://user.desktop.nicepage.com/Site_45335874/images/thumbnails/foto.jpg","width":250,"height":161},"folderId":null,"usages":["134722342"]},{"id":"user-image-WhatsAppImage2023-06-27at10.40.59.jpeg","publicUrl":"np://user.desktop.nicepage.com/Site_45335874/images/WhatsAppImage2023-06-27at10.40.59.jpeg","size":18426,"hash":"niwckrbEqk+1mRGmmZxU/qM8uAI=","fileName":"WhatsAppImage2023-06-27at10.40.59.jpeg","name":"WhatsAppImage2023-06-27at10.40.59","width":500,"height":500,"thumbnail":{"url":"np://user.desktop.nicepage.com/Site_45335874/images/thumbnails/WhatsAppImage2023-06-27at10.40.59.jpeg","width":250,"height":250},"folderId":null,"usages":[]},{"id":"user-image-646094.png","publicUrl":"np://user.desktop.nicepage.com/Site_45335874/images/646094.png","size":2920,"hash":"D4R2eI+UniH8DFN5GIjVyvdbvvY=","fileName":"646094.png","name":"646094","width":128,"height":128,"thumbnail":{"url":"np://user.desktop.nicepage.com/Site_45335874/images/thumbnails/646094.png","width":128,"height":128,"length":2920,"type":"png"},"folderId":null,"originalUrl":"//images01.nicepagecdn.com/c461c07a441a5d220e8feb1a/0f93b8c989d653229f7e203c/646094.png","usages":["312407117"]},{"id":"user-image-io.jpg","publicUrl":"np://user.desktop.nicepage.com/Site_45335874/images/io.jpg","size":124976,"hash":"d2QHrgG2RXnkUfrJKkN7hSoarN4=","fileName":"io.jpg","name":"io","width":902,"height":902,"thumbnail":{"url":"np://user.desktop.nicepage.com/Site_45335874/images/thumbnails/io.jpg","width":250,"height":250},"folderId":null,"originalUrl":"//images01.nicepagecdn.com/c461c07a441a5d220e8feb1a/eaa28f22b7c1547ea1e6740f/io.jpg","usages":["134722342"]},{"id":"user-image-rr3.jpg","publicUrl":"np://user.desktop.nicepage.com/Site_45335874/images/rr3.jpg","size":133674,"hash":"Gq9EhpxO88laqKOtP0Vuaw36URM=","fileName":"rr3.jpg","name":"rr3","width":934,"height":934,"thumbnail":{"url":"np://user.desktop.nicepage.com/Site_45335874/images/thumbnails/rr3.jpg","width":250,"height":250},"folderId":null,"originalUrl":"//images01.nicepagecdn.com/c461c07a441a5d220e8feb1a/ef0bb6a8f99150adbedd2562/rr3.jpg","usages":["134722342"]},{"id":"user-image-fgfgfg5t.jpg","publicUrl":"np://user.desktop.nicepage.com/Site_45335874/images/fgfgfg5t.jpg","size":27314,"hash":"YNKJ57+dfnMvYajZQnSflsH0d2c=","fileName":"fgfgfg5t.jpg","name":"fgfgfg5t","width":1920,"height":1200,"thumbnail":{"url":"np://user.desktop.nicepage.com/Site_45335874/images/thumbnails/fgfgfg5t.jpg","width":250,"height":156},"folderId":null,"originalUrl":"//images01.nicepagecdn.com/c461c07a441a5d220e8feb1a/49243501dd855056bb5024ea/fgfgfg5t.jpg","usages":["134722342"]}]